position,mutation,Germline classification,avg_ddg_SOX9,avg_ddg_AMPH1,avg_ddg_GATAD2A,avg_ddg_ZNF219,partner_with_max_avg_ddg,max_avg_ddg
3,I3F,Benign,0.5793626145,0.48898875750000004,0.5814101115,0.45850455041666666,GATAD2A,0.5814101115
5,N5D,Benign,0.40143240625000004,0.415636323,0.44840812500000005,0.25686730375,GATAD2A,0.44840812500000005
20,G20R,Pathogenic,1.174369323,1.14725129175,0.8674855105,0.9650410788333333,SOX9,1.174369323
20,G20V,Pathogenic,0.9514243229999999,0.9056934887499999,0.927371803,0.7304985718333333,SOX9,0.9514243229999999
40,A40V,Pathogenic,0.89953722925,1.00549274375,0.78135578125,0.8283939375,AMPH1,1.00549274375
72,I72T,Pathogenic,0.9957383332499999,1.0851040105,0.999170052,0.998412709,AMPH1,1.0851040105
127,H127R,Pathogenic,0.7528434999999999,1.05004254825,1.1349003607500001,1.0000021968333332,GATAD2A,1.1349003607500001
153,D153G,Pathogenic,0.83365989575,1.05332638625,1.05877775,0.8105576962500001,GATAD2A,1.05877775
176,W176C,Pathogenic,1.3847192447499999,1.545981608,1.4664640687500001,1.41506879025,AMPH1,1.545981608
178,R178Q,Pathogenic,0.78658842925,0.88033918025,1.01644026625,0.7254985209999999,GATAD2A,1.01644026625
178,R178W,Pathogenic,0.860345959,0.8607671495,1.0223673495,0.8637549247499999,GATAD2A,1.0223673495
240,S240T,Benign,0.40713460425000003,0.47657338800000004,0.549654756,0.26365754075,GATAD2A,0.549654756
254,H254R,Benign,0.79346862275,0.81800105,0.5205076667499999,0.6559808819166666,AMPH1,0.81800105
